country,users,control_rate,treatment_rate,absolute_effect,relative_effect,ci_low,ci_high,p_value,adjusted_p_value
PL,788,0.616751269035533,0.5431472081218274,-0.07360406091370564,-0.11934156378600831,-0.14233593636194886,-0.004872185465462406,0.036340645089083995,0.2888490551686503
ID,1118,0.5474060822898033,0.5044722719141324,-0.0429338103756709,-0.07843137254901972,-0.10141931451824732,0.015551693766905517,0.15057814168862382,0.2888490551686503
DE,1674,0.5734767025089605,0.5340501792114696,-0.03942652329749097,-0.06874999999999988,-0.08701603981864171,0.008162993223659779,0.10469090346717366,0.2888490551686503
US,1695,0.5566037735849056,0.5289256198347108,-0.02767815375019489,-0.04972685250035014,-0.07509251819310797,0.019736210692718192,0.252742923272569,0.2888490551686503
IN,1742,0.5752009184845006,0.547646383467279,-0.027554535017221604,-0.0479041916167665,-0.07414129287118487,0.019032222836741657,0.24652605148283402,0.2888490551686503
BR,1273,0.5588697017268446,0.5534591194968553,-0.005410582229989247,-0.009681294608154917,-0.05999622517892258,0.049175060718944084,0.8459610125809083,0.8459610125809083
GB,908,0.5418502202643172,0.5837004405286343,0.04185022026431717,0.07723577235772357,-0.02262253672006674,0.10632297724870109,0.20368151607900642,0.2888490551686503
TR,802,0.5461346633416458,0.5985037406483791,0.052369077306733236,0.09589041095890424,-0.016017175641083015,0.12075533025454949,0.1339171138387306,0.2888490551686503
