threshold,risk_percentile_cutoff,flagged_users,true_positives,false_positives,false_negatives,true_negatives,precision,recall,false_positive_rate,prevented_loss_usd,false_positive_cost_usd,estimated_net_savings_usd
conservative,0.95,501,501,0,399,9100,1.0,0.5566666666666666,0.0,18720.279999999948,0.0,18720.279999999948
balanced,0.9,1001,900,101,0,8999,0.8991008991008991,1.0,0.011098901098901099,26520.839999999913,142.15370499999997,26378.686294999912
aggressive,0.82,1801,900,901,0,8199,0.4997223764575236,1.0,0.09901098901098901,26520.839999999913,874.05548,25646.784519999914
